City_ID,City,Country,Lat,Lng,Max Temp,Humidity,Cloudiness,Wind Speed,Current Description
0,Broome,US,42.2506,-75.833,17.62,69,40,10.36,scattered clouds
1,Kankon,IN,15.0167,74.0167,73.2,66,6,4.5,clear sky
2,Ushuaia,AR,-54.8,-68.3,38.86,81,40,26.46,scattered clouds
3,Carauari,BR,-4.8828,-66.8958,73.27,99,100,1.39,overcast clouds
4,Cape Town,ZA,-33.9258,18.4232,71.11,79,20,18.41,few clouds
5,Rikitea,PF,-23.1203,-134.9692,78.94,71,5,14.14,clear sky
6,Shubarkuduk,KZ,49.1447,56.4872,15.71,94,100,14.72,light snow
7,Tessalit,ML,20.1986,1.0114,61.14,22,23,11.41,few clouds
8,Ribeira Grande,PT,38.5167,-28.7,58.15,69,100,5.46,overcast clouds
9,Jamestown,US,42.097,-79.2353,15.3,61,100,5.75,overcast clouds
10,Ilulissat,GL,69.2167,-51.1,8.62,72,75,23.02,mist
11,Nikolayevsk-Na-Amure,RU,53.1406,140.73,3.83,83,10,3.94,clear sky
12,Yellowknife,CA,62.456,-114.3525,-15.45,84,40,0.0,scattered clouds
13,Asti,IT,44.8979,8.2068,43.95,72,16,1.52,few clouds
14,Tambovka,RU,50.0969,128.0489,-2.09,94,100,6.15,overcast clouds
15,Nikolskoye,RU,59.7035,30.7861,36.88,91,100,11.88,light snow
16,Imeni Poliny Osipenko,RU,52.4201,136.4853,5.25,91,100,7.94,overcast clouds
17,Kodiak,US,57.79,-152.4072,40.51,60,0,8.05,clear sky
18,Half Moon Bay,US,37.4636,-122.4286,78.98,51,0,3.44,clear sky
19,Socorro,US,31.6546,-106.3033,61.81,24,0,3.44,clear sky
20,Lukovetskiy,RU,64.2956,41.9211,15.78,89,100,9.35,light snow
21,Ponta Do Sol,PT,32.6667,-17.1,62.71,72,77,0.47,broken clouds
22,Bluff,NZ,-46.6,168.3333,67.8,64,100,3.74,overcast clouds
23,Katiola,CI,8.1333,-5.1,77.63,67,6,3.02,clear sky
24,Bredasdorp,ZA,-34.5322,20.0403,65.52,72,99,8.05,overcast clouds
25,Mar Del Plata,AR,-38.0023,-57.5575,64.87,72,0,4.61,clear sky
26,Thompson,CA,55.7435,-97.8558,-11.04,77,20,0.0,few clouds
27,Hermanus,ZA,-34.4187,19.2345,70.9,80,89,17.78,overcast clouds
28,Lata,PT,40.1629,-8.3327,53.82,93,15,2.24,few clouds
29,Arraial Do Cabo,BR,-22.9661,-42.0278,75.7,92,11,14.36,few clouds
30,Kaitangata,NZ,-46.2817,169.8464,60.93,65,97,6.38,overcast clouds
31,Hithadhoo,MV,-0.6,73.0833,82.06,75,38,12.8,scattered clouds
32,Mount Isa,AU,-20.7333,139.5,87.57,45,100,17.27,overcast clouds
33,Aswan,EG,24.0934,32.907,61.9,29,0,6.91,clear sky
34,Mormugao,IN,15.4,73.8,72.66,83,7,6.91,mist
35,Fort Nelson,CA,58.8053,-122.7002,8.19,72,40,2.3,scattered clouds
36,Salalah,OM,17.0151,54.0924,73.49,18,0,21.85,clear sky
37,Gizo,SB,-8.103,156.8419,84.42,68,98,6.67,overcast clouds
38,Tortoli,IT,39.9256,9.6572,48.02,93,0,9.22,clear sky
39,Mattru,SL,7.6244,-11.8332,74.48,96,16,2.24,few clouds
40,Hailar,CN,49.2,119.7,-24.29,98,99,1.48,overcast clouds
41,Punta Arenas,CL,-53.15,-70.9167,46.51,49,20,14.97,few clouds
42,Kalevala,RU,65.2,31.1667,29.97,97,100,8.77,light snow
43,Kruisfontein,ZA,-34.0033,24.7314,66.42,91,100,9.37,light rain
44,Atuona,PF,-9.8,-139.0333,77.94,78,14,13.6,light rain
45,Victoria,HK,22.2855,114.1577,61.25,82,24,5.99,few clouds
46,Busselton,AU,-33.65,115.3333,74.05,52,0,10.74,clear sky
47,Khandyga,RU,62.6667,135.6,-30.44,96,73,1.43,broken clouds
48,Norman Wells,CA,65.282,-126.8329,-5.76,65,100,4.61,overcast clouds
49,Puerto Ayora,EC,-0.7393,-90.3518,75.54,92,89,4.16,overcast clouds
50,Canutama,BR,-6.5339,-64.3831,72.16,99,100,0.65,overcast clouds
51,San Policarpo,PH,12.1791,125.5072,80.83,73,100,12.84,overcast clouds
52,Torbay,CA,47.6666,-52.7314,34.39,81,75,10.36,broken clouds
53,Collie,AU,-33.3667,116.15,69.98,44,0,9.08,clear sky
54,Mataura,NZ,-46.1927,168.8643,67.48,37,100,1.54,overcast clouds
55,Castro,BR,-24.7911,-50.0119,66.0,89,100,0.89,overcast clouds
56,Lebu,CL,-37.6167,-73.65,58.23,91,96,5.5,overcast clouds
57,Tuktoyaktuk,CA,69.4541,-133.0374,-29.2,68,75,9.22,broken clouds
58,Andros Town,BS,24.7,-77.7667,73.36,74,100,10.74,overcast clouds
59,Najran,SA,17.4924,44.1277,48.85,49,29,2.64,scattered clouds
60,Faanui,PF,-16.4833,-151.75,80.49,75,100,14.18,moderate rain
61,Shangzhi,CN,45.2167,127.9667,0.45,92,100,5.5,overcast clouds
62,Ibotirama,BR,-12.1853,-43.2206,69.35,96,100,2.51,overcast clouds
63,Qaanaaq,GL,77.484,-69.3632,-8.1,71,88,6.17,overcast clouds
64,Talnakh,RU,69.4865,88.3972,-7.89,70,7,8.68,clear sky
65,Tiksi,RU,71.6872,128.8694,-13.13,92,20,11.03,few clouds
66,Codrington,AU,-38.2667,141.9667,70.34,62,33,10.31,scattered clouds
67,Kalengwa,ZM,-13.4659,25.0027,60.62,97,25,1.03,scattered clouds
68,Kieta,PG,-6.2167,155.6333,84.38,70,100,4.63,light rain
69,Saskylakh,RU,71.9167,114.0833,-17.77,92,18,2.84,few clouds
70,Butaritari,KI,3.0707,172.7902,81.19,77,20,13.0,light rain
71,Luderitz,NA,-26.6481,15.1594,72.1,64,1,8.59,clear sky
72,New Norfolk,AU,-42.7826,147.0587,63.91,65,92,4.63,overcast clouds
73,Georgetown,MY,5.4112,100.3354,80.53,90,20,5.01,few clouds
74,Mareeba,AU,-17.0,145.4333,80.47,71,54,8.08,broken clouds
75,Shingu,JP,33.7333,135.9833,45.91,73,100,3.76,overcast clouds
76,Alofi,NU,-19.0595,-169.9187,85.89,66,100,9.22,overcast clouds
77,Smoky Lake,CA,54.1169,-112.4686,23.76,58,100,3.44,overcast clouds
78,Naze,JP,28.3667,129.4833,56.32,84,100,18.84,overcast clouds
79,Tura,IN,25.5198,90.2201,53.35,75,0,4.5,clear sky
80,Hilo,US,19.7297,-155.09,78.53,73,40,9.22,scattered clouds
81,Saldanha,ZA,-33.0117,17.9442,66.25,90,0,13.47,clear sky
82,Albany,US,42.6001,-73.9662,22.26,55,26,1.01,scattered clouds
83,Seymchan,RU,62.8833,152.4333,-32.55,96,81,1.48,broken clouds
84,Saint Anthony,US,45.0205,-93.218,8.44,73,100,13.8,snow
85,Imbituba,BR,-28.24,-48.6703,73.29,94,61,5.19,light rain
86,Saint-Esteve,FR,42.7131,2.843,57.02,58,0,14.97,clear sky
87,Vao,NC,-22.6667,167.4833,80.28,80,97,6.85,overcast clouds
88,Newport,GB,51.5877,-2.9984,47.25,84,100,1.99,overcast clouds
89,Poum,NC,-20.2333,164.0167,82.96,75,99,10.04,overcast clouds
90,Chuy,UY,-33.6971,-53.4616,58.86,65,0,6.22,clear sky
91,Havre-Saint-Pierre,CA,50.2334,-63.5986,3.2,71,0,14.97,clear sky
92,Pevek,RU,69.7008,170.3133,-16.37,97,100,8.5,overcast clouds
93,Honningsvag,NO,70.9821,25.9704,20.5,84,100,6.98,light snow
94,Kapaa,US,22.0752,-159.319,82.38,64,0,17.27,clear sky
95,Londoko,RU,49.0333,131.9833,12.09,90,100,1.1,light snow
96,Begusarai,IN,25.4167,86.1333,49.62,68,0,4.32,clear sky
97,The Valley,AI,18.217,-63.0578,77.09,69,0,21.41,clear sky
98,Mancio Lima,BR,-7.6142,-72.8958,72.73,99,100,2.04,overcast clouds
99,Guangyuan,CN,32.442,105.823,43.41,79,100,1.48,overcast clouds
100,Manthani,IN,18.65,79.6667,60.04,28,9,3.29,clear sky
101,Adelanto,US,34.5828,-117.4092,75.79,7,0,4.92,clear sky
102,Saint-Augustin,CA,51.226,-58.6502,-19.86,93,42,6.33,scattered clouds
103,Aklavik,CA,68.2191,-135.0107,-26.57,98,100,10.04,light snow
104,Ancud,CL,-41.8697,-73.8203,65.73,94,4,2.21,clear sky
105,Mayo,US,38.8876,-76.5119,34.14,62,100,10.36,overcast clouds
106,Lepe,ES,37.2548,-7.2043,55.11,78,100,7.18,overcast clouds
107,Lac-Megantic,CA,45.5834,-70.8823,10.42,99,78,2.01,broken clouds
108,Vila Franca Do Campo,PT,37.7167,-25.4333,59.2,71,100,4.23,overcast clouds
109,Guaratinga,BR,-16.5667,-39.5667,77.67,98,100,2.82,overcast clouds
110,Bilma,NE,18.6853,12.9164,64.08,14,0,6.78,clear sky
111,Laerdalsoyri,NO,61.098,7.4816,42.26,91,100,4.45,overcast clouds
112,Calamar,CO,10.2511,-74.9146,80.55,65,6,10.09,clear sky
113,Avarua,CK,-21.2078,-159.775,80.65,74,99,2.3,overcast clouds
114,Lahaina,US,20.8783,-156.6825,80.6,75,6,12.73,clear sky
115,Vaini,TO,-21.2,-175.2,86.16,74,40,13.8,scattered clouds
116,Bambanglipuro,ID,-7.95,110.2833,63.61,82,95,4.59,overcast clouds
117,Abalak,RU,58.1286,68.5944,-13.43,100,100,3.02,overcast clouds
118,Garowe,SO,8.4054,48.4845,65.28,78,100,7.72,overcast clouds
119,Barrow,US,71.2906,-156.7887,-27.38,68,20,9.22,few clouds
120,Ugoofaaru,MV,5.6667,73.0,80.92,70,100,1.9,overcast clouds
121,Bundaberg,AU,-24.85,152.35,80.89,65,100,20.71,overcast clouds
122,Maralal,KE,1.0968,36.698,57.94,69,10,3.18,clear sky
123,Bethel,US,41.3712,-73.414,28.04,68,100,3.0,overcast clouds
124,Cabinda,AO,-5.55,12.2,78.37,86,100,5.77,overcast clouds
125,Nelson Bay,AU,-32.7167,152.15,82.09,58,49,3.0,scattered clouds
126,Caravelas,BR,-17.7125,-39.2481,75.36,90,90,4.88,overcast clouds
127,Naliya,IN,23.2667,68.8333,63.18,73,0,5.28,clear sky
128,Longyearbyen,SJ,78.2186,15.6401,15.64,92,100,3.44,light snow
129,Namatanai,PG,-3.6667,152.4333,85.57,66,86,6.8,overcast clouds
130,Mangrol,IN,21.1167,70.1167,64.71,73,22,9.69,few clouds
131,Port Hardy,CA,50.6996,-127.4199,50.76,66,100,3.44,overcast clouds
132,Huazhou,CN,21.6333,110.5833,56.53,74,93,7.0,overcast clouds
133,Merauke,ID,-8.4667,140.3333,85.03,65,51,9.35,broken clouds
134,Kathmandu,NP,27.7167,85.3167,43.02,100,20,3.44,mist
135,Panguna,PG,-6.3164,155.4848,80.1,67,99,3.89,light rain
136,Carnarvon,AU,-24.8667,113.6333,80.67,83,6,0.0,clear sky
137,Sitka,US,57.0531,-135.33,40.89,87,100,9.22,overcast clouds
138,Port-Gentil,GA,-0.7193,8.7815,80.65,78,100,9.31,overcast clouds
139,Ketchikan,US,55.3422,-131.6461,48.18,87,100,3.44,light rain
140,Aksarka,RU,66.5606,67.7975,-11.65,99,100,2.19,overcast clouds
141,Oktyabrskiy,RU,54.4815,53.471,2.89,100,100,3.09,overcast clouds
142,Chara,RU,56.9064,118.2631,-21.53,88,21,0.43,few clouds
143,Mogadishu,SO,2.0371,45.3438,76.68,80,100,17.31,overcast clouds
144,Clyde River,CA,70.4692,-68.5914,-18.17,76,100,18.41,overcast clouds
145,Bengkulu,ID,-3.8004,102.2655,78.12,80,100,3.51,overcast clouds
146,Hobart,AU,-42.8794,147.3294,64.26,74,75,9.22,broken clouds
147,Ahipara,NZ,-35.1667,173.1667,70.74,55,25,10.27,scattered clouds
148,Isla Vista,US,34.4133,-119.861,80.35,22,0,6.91,clear sky
149,Port Blair,IN,11.6667,92.75,69.84,88,20,0.0,mist
150,Touros,BR,-5.1989,-35.4608,81.5,75,5,12.8,clear sky
151,Nemuro,JP,43.3236,145.575,21.63,87,100,13.47,overcast clouds
152,Port Elizabeth,ZA,-33.918,25.5701,66.49,94,100,11.5,overcast clouds
153,Saint George,US,37.1041,-113.5841,68.47,16,0,0.0,clear sky
154,Barranca,PE,-10.75,-77.7667,72.07,75,100,7.94,overcast clouds
155,Mahebourg,MU,-20.4081,57.7,81.25,89,40,9.22,scattered clouds
156,Diego De Almagro,CL,-26.3667,-70.05,66.74,37,96,2.73,overcast clouds
157,Zaria,NG,11.1113,7.7227,65.95,16,100,8.12,overcast clouds
158,Majene,ID,-3.5403,118.9707,78.48,78,99,3.56,overcast clouds
159,Dunedin,NZ,-45.8742,170.5036,62.8,59,60,7.0,broken clouds
160,Provideniya,RU,64.3833,-173.3,-3.64,71,0,8.99,clear sky
161,Uray,RU,60.1247,64.7758,-19.91,100,89,3.65,overcast clouds
162,Port Alfred,ZA,-33.5906,26.891,68.95,88,31,8.55,light rain
163,Mecca,SA,21.4267,39.8261,72.21,27,0,5.08,clear sky
164,Maraba,BR,-5.3686,-49.1178,71.02,97,99,1.3,overcast clouds
165,Aksu,CN,41.1231,80.2644,26.69,42,96,4.23,overcast clouds
166,Eyl,SO,7.9803,49.8164,72.36,71,33,13.27,scattered clouds
167,Ihosy,MG,-22.4,46.1167,67.95,84,88,6.67,overcast clouds
168,Goderich,CA,43.7501,-81.7165,14.92,85,100,9.22,overcast clouds
169,Saint-Pierre,RE,-21.3393,55.4781,78.48,78,75,4.61,broken clouds
170,Turukhansk,RU,65.8167,87.9833,-6.93,89,45,11.65,scattered clouds
171,Cabo San Lucas,MX,22.8909,-109.9124,77.61,55,100,6.46,overcast clouds
172,Gamba,GA,-2.65,10.0,77.16,86,73,3.56,broken clouds
173,Acapulco,MX,16.8634,-99.8901,82.22,69,75,8.05,broken clouds
174,Zunyi,CN,27.6867,106.9072,38.32,84,6,1.68,clear sky
175,Hofn,IS,64.2539,-15.2082,22.46,66,28,9.42,scattered clouds
176,Vostok,RU,46.4856,135.8833,9.86,89,100,3.29,overcast clouds
177,Shikhany,RU,52.1167,47.2167,10.65,98,57,5.12,broken clouds
178,Ostersund,SE,63.1792,14.6357,28.62,93,40,9.22,scattered clouds
179,Lorengau,PG,-2.0226,147.2712,84.02,72,100,2.55,overcast clouds
180,Kainantu,PG,-6.2887,145.8655,70.92,77,80,3.53,broken clouds
181,Saint-Georges,GD,12.0564,-61.7485,78.48,73,40,8.05,scattered clouds
182,East London,ZA,-33.0153,27.9116,71.8,81,31,10.09,scattered clouds
183,Umm Lajj,SA,25.0213,37.2685,66.13,34,0,11.63,clear sky
184,Kupang,ID,-10.1667,123.5833,82.51,70,4,3.53,clear sky
185,Hami,CN,42.8,93.45,24.06,45,11,5.86,few clouds
186,Union,US,40.6334,-74.2663,31.06,75,100,5.01,overcast clouds
187,Kloulklubed,PW,7.0419,134.2556,79.3,81,96,21.34,overcast clouds
188,Mugur-Aksy,RU,50.35,90.5,-12.05,84,23,5.73,few clouds
189,Valandovo,MK,41.3169,22.5611,44.73,88,60,2.59,broken clouds
190,Chunskiy,RU,56.0815,99.6342,-27.44,100,17,2.93,few clouds
191,Atar,MR,20.5169,-13.0499,66.04,20,96,7.63,overcast clouds
192,Richards Bay,ZA,-28.783,32.0377,77.07,88,100,9.06,light rain
193,Yerbogachen,RU,61.2767,108.0108,-31.45,100,87,3.44,overcast clouds
194,Alta Floresta,BR,-9.8756,-56.0861,71.01,96,93,2.44,overcast clouds
195,Manzanares,ES,38.9991,-3.3699,49.55,89,87,12.77,overcast clouds
196,Vallenar,CL,-28.5708,-70.7581,68.52,54,0,2.19,clear sky
197,Pimentel,PE,-6.8367,-79.9342,72.84,77,100,10.76,overcast clouds
198,Dharchula,IN,29.85,80.5333,44.22,35,0,8.55,clear sky
199,Piacabucu,BR,-10.4056,-36.4344,81.01,74,100,13.51,overcast clouds
200,Marystown,CA,47.1666,-55.1483,33.85,100,100,9.13,overcast clouds
201,Manono,CD,-7.3,27.4167,68.13,97,100,0.6,light rain
202,Chanika,TZ,-5.4167,38.0167,68.5,93,100,1.88,overcast clouds
203,Cherskiy,RU,68.75,161.3,-22.76,97,95,6.67,overcast clouds
204,Ambilobe,MG,-13.2,49.05,71.82,94,14,1.43,few clouds
205,Saint-Avertin,FR,47.3636,0.7399,51.98,81,100,17.27,overcast clouds
206,Ballina,AU,-28.8667,153.5667,73.78,78,75,9.22,broken clouds
207,Ternate,ID,0.8,127.4,81.52,74,100,2.8,overcast clouds
208,Sabratah,LY,32.7933,12.4885,54.97,63,25,9.4,scattered clouds
209,Upernavik,GL,72.7868,-56.1549,-6.43,97,100,11.52,overcast clouds
210,Raga,SS,8.4596,25.678,68.9,15,16,3.38,few clouds
211,Kavaratti,IN,10.5669,72.642,80.46,72,0,6.67,clear sky
212,Kudahuvadhoo,MV,2.6708,72.8944,81.36,75,97,7.96,overcast clouds
213,Iqaluit,CA,63.7506,-68.5145,-16.31,68,100,3.44,light snow
214,Deputatskiy,RU,69.3,139.9,-11.25,94,100,4.85,overcast clouds
215,Esperance,AU,-33.8667,121.9,67.84,65,100,12.41,light rain
216,Koslan,RU,63.4564,48.8989,-0.78,100,91,3.53,overcast clouds
217,Gwadar,PK,25.1216,62.3254,69.78,70,33,3.33,scattered clouds
218,Aloleng,PH,16.1307,119.7824,81.5,71,17,10.2,few clouds
219,Tabou,CI,4.423,-7.3528,76.6,89,84,2.91,light rain
220,Nizhniy Tsasuchey,RU,50.5167,115.1333,-16.11,97,80,4.27,broken clouds
221,Hollola,FI,61.05,25.4333,33.03,97,100,10.0,overcast clouds
222,Lagoa,PT,39.05,-27.9833,56.64,59,100,4.38,overcast clouds
223,Cayenne,GF,4.9333,-52.3333,80.1,84,100,3.0,overcast clouds
224,Aden,YE,12.7794,45.0367,75.87,70,6,7.92,clear sky
225,Birao,CF,10.2849,22.7882,69.58,13,93,8.12,overcast clouds
226,Adrar,MR,20.5022,-10.0711,60.57,23,91,10.6,overcast clouds
227,Samarai,PG,-10.6167,150.6667,82.99,69,50,6.93,scattered clouds
228,Sarkand,KZ,45.41,79.9186,25.5,78,100,4.27,overcast clouds
229,Loikaw,MM,19.6742,97.2094,57.24,34,37,2.17,scattered clouds
230,Annau,TM,37.8876,58.516,42.3,93,100,20.71,overcast clouds
231,Bambous Virieux,MU,-20.3428,57.7575,81.21,89,40,9.22,light rain
232,Whitianga,NZ,-36.8333,175.7,67.77,63,40,4.7,scattered clouds
233,Chokurdakh,RU,70.6333,147.9167,-13.34,96,87,8.46,overcast clouds
234,San Cristobal,VE,7.7669,-72.225,73.58,76,100,0.94,overcast clouds
235,Paraiso,CR,9.8383,-83.8656,68.86,89,93,5.55,overcast clouds
236,Shenjiamen,CN,29.9576,122.298,44.56,72,1,17.25,clear sky
237,Tatishchevo,RU,51.6703,45.5953,18.36,96,50,8.55,scattered clouds
238,Vichuga,RU,57.2128,41.9301,24.96,94,100,10.45,light snow
239,Pallasovka,RU,50.05,46.8833,14.94,95,76,7.99,broken clouds
240,Faya,SA,18.3851,42.4509,48.72,61,10,1.23,clear sky
241,Sambava,MG,-14.2667,50.1667,73.6,93,25,4.59,scattered clouds
242,Prince Rupert,CA,54.3161,-130.3201,46.49,81,100,9.22,overcast clouds
243,Vestmannaeyjar,IS,63.4427,-20.2734,34.68,73,100,31.09,overcast clouds
244,Gisborne,NZ,-38.6533,178.0042,60.94,70,22,15.64,few clouds
245,Egvekinot,RU,66.3167,-179.1667,-15.84,90,17,5.84,few clouds
246,Bastia,FR,42.6667,9.3333,49.3,84,0,4.61,clear sky
247,Flin Flon,CA,54.7682,-101.865,3.04,72,75,12.66,broken clouds
248,Tasiilaq,GL,65.6145,-37.6368,20.64,93,100,18.79,light snow
249,Mount Gambier,AU,-37.8333,140.7667,71.51,60,75,9.22,broken clouds
250,Novoilinsk,RU,51.6829,108.7143,-19.01,98,26,2.77,scattered clouds
251,Dikson,RU,73.5069,80.5464,-5.19,87,100,23.71,overcast clouds
252,Nampula,MZ,-15.1165,39.2666,69.76,99,99,0.27,overcast clouds
253,Waipawa,NZ,-41.4122,175.5153,59.45,68,100,13.0,overcast clouds
254,Lavrentiya,RU,65.5833,-171.0,-17.21,92,14,2.42,few clouds
255,Axim,GH,4.8699,-2.2405,78.33,86,100,6.38,overcast clouds
256,Hualmay,PE,-11.0964,-77.6139,71.76,79,99,10.04,overcast clouds
257,Sadao,TH,6.6388,100.4234,81.61,80,65,3.24,broken clouds
258,Payson,US,40.0444,-111.7321,49.75,27,0,5.75,clear sky
259,Linxia,CN,35.6003,103.2064,14.81,81,75,1.97,broken clouds
260,Te Anau,NZ,-45.4167,167.7167,66.63,46,100,0.94,overcast clouds
261,Port Lincoln,AU,-34.7333,135.8667,71.33,70,18,11.72,few clouds
262,Tutoia,BR,-2.7619,-42.2744,82.38,84,21,13.82,moderate rain
263,Marshfield,US,44.6689,-90.1718,8.33,43,0,0.0,clear sky
264,Lujan,AR,-34.5703,-59.105,74.98,64,0,5.97,clear sky
265,Huaihua,CN,27.5494,109.9592,44.51,79,44,0.2,scattered clouds
266,Hirara,JP,24.8,125.2833,66.06,88,75,26.46,broken clouds
267,Korla,CN,41.7597,86.1469,26.51,52,8,3.67,clear sky
268,Khatanga,RU,71.9667,102.5,-27.17,100,43,1.88,scattered clouds
269,Camacha,PT,33.0833,-16.3333,57.96,72,20,2.3,few clouds
270,Noumea,NC,-22.2763,166.4572,91.38,99,100,13.4,overcast clouds
271,Tuatapere,NZ,-46.1333,167.6833,68.83,50,100,4.65,overcast clouds
272,Pangnirtung,CA,66.1451,-65.7125,-35.1,92,74,6.02,broken clouds
273,Lantawan,PH,10.6167,123.9833,78.49,77,100,7.31,overcast clouds
274,Nagua,DO,19.3832,-69.8474,77.05,83,20,0.0,few clouds
275,Saint-Philippe,RE,-21.3585,55.7679,78.39,87,38,11.9,scattered clouds
276,Kavieng,PG,-2.5744,150.7967,83.53,73,86,7.27,light rain
277,Evensk,RU,61.95,159.2333,4.03,71,13,9.42,few clouds
278,Petropavlovka,RU,50.6114,105.3196,-10.8,97,100,1.01,overcast clouds
279,Yalta,UA,44.5,34.1667,35.92,72,100,12.46,overcast clouds
280,Erzincan,TR,39.75,39.5,21.04,75,100,4.0,overcast clouds
281,Cidreira,BR,-30.1811,-50.2056,68.54,90,14,2.98,few clouds
282,Alamosa,US,37.4695,-105.87,38.71,53,0,4.07,clear sky
283,Wagar,SD,16.1525,36.2032,66.67,66,100,12.28,overcast clouds
284,Ahuimanu,US,21.4447,-157.8378,79.75,57,20,12.66,few clouds
285,Uruzgan,AF,32.8333,66.0,40.68,61,85,5.21,overcast clouds
286,Agadez,NE,19.75,10.25,59.4,16,0,4.81,clear sky
287,Laguna,US,38.421,-121.4238,78.62,36,0,5.75,clear sky
288,Starychi,UA,49.98,23.5585,32.14,73,0,7.67,clear sky
289,Saint-Louis,SN,16.3333,-15.0,73.04,17,96,10.02,overcast clouds
290,Visnes,NO,59.3556,5.2242,42.57,87,100,14.97,light rain
291,Bonthe,SL,7.5264,-12.505,77.29,90,8,3.83,clear sky
292,Ulaangom,MN,49.9811,92.0667,-29.96,96,93,2.93,overcast clouds
293,Biltine,TD,14.5333,20.9167,72.93,11,100,16.53,overcast clouds
294,Oga,IT,46.4631,10.347,20.7,92,37,4.27,scattered clouds
295,Tiznit,MA,29.5833,-9.5,53.2,49,0,3.47,clear sky
296,Lompoc,US,34.6391,-120.4579,78.94,64,0,9.22,clear sky
297,Namibe,AO,-15.1961,12.1522,74.12,83,100,1.43,overcast clouds
298,Thinadhoo,MV,0.5333,72.9333,81.61,73,97,9.26,overcast clouds
299,Manta,EC,-0.95,-80.7333,78.58,83,75,3.44,broken clouds
300,San Patricio,US,28.017,-97.5169,59.09,32,85,4.61,overcast clouds
301,Antofagasta,CL,-23.65,-70.4,68.0,81,89,5.77,overcast clouds
302,Kamenka,RU,51.3223,42.7678,7.03,97,83,7.29,broken clouds
303,Kidal,ML,18.4411,1.4078,66.24,15,1,12.01,clear sky
304,Waddan,LY,29.1614,16.139,50.72,48,0,9.37,clear sky
305,Diamantino,BR,-14.4086,-56.4461,72.59,96,100,2.93,moderate rain
306,Yangjiang,CN,21.85,111.9667,60.94,75,5,8.34,clear sky
307,Bathsheba,BB,13.2167,-59.5167,77.61,73,40,16.11,scattered clouds
308,Moerai,PF,-22.4333,-151.3333,79.57,73,99,12.84,overcast clouds
309,Ponte De Sor,PT,39.2496,-8.0101,49.68,97,18,4.68,few clouds
310,Coihaique,CL,-45.5752,-72.0662,68.61,48,0,3.44,clear sky
311,Cascais,PT,38.6979,-9.4215,55.06,71,0,20.0,clear sky
312,Sharjah,AE,25.3573,55.4033,62.58,63,20,5.75,few clouds
313,Iskateley,RU,67.6803,53.1512,-1.75,98,30,9.75,scattered clouds
314,Nanchang,CN,28.6833,115.8833,46.99,73,99,3.49,overcast clouds
315,Berberati,CF,4.2612,15.7922,69.08,28,100,2.24,overcast clouds
316,Semporna,MY,4.4818,118.6112,79.0,73,82,6.38,broken clouds
317,Plastun,RU,44.7561,136.2939,19.27,62,90,5.99,overcast clouds
318,Qaqortoq,GL,60.7167,-46.0333,16.39,95,100,12.33,light snow
319,Sao Filipe,CV,14.8961,-24.4956,73.44,68,68,11.16,broken clouds
320,Tagusao,PH,9.1924,117.8141,82.04,73,100,6.98,overcast clouds
321,Dingzhou,CN,38.5131,114.9956,12.31,82,76,3.18,broken clouds
322,Muisne,EC,0.6,-80.0333,76.05,86,100,1.81,overcast clouds
323,Rumoi,JP,43.9344,141.6428,26.33,77,21,4.83,few clouds
324,Gumdag,TM,39.2061,54.5906,38.61,64,7,7.65,clear sky
325,Tazovskiy,RU,67.4667,78.7,-8.05,95,96,10.07,overcast clouds
326,Omboue,GA,-1.5746,9.2618,78.28,83,100,4.99,overcast clouds
327,Zambezi,ZM,-13.5432,23.1047,63.45,95,90,1.83,overcast clouds
328,Coruripe,BR,-10.1256,-36.1756,80.67,75,100,15.21,overcast clouds
329,Los Llanos De Aridane,ES,28.6585,-17.9182,60.55,75,100,6.91,overcast clouds
330,Flinders,AU,-34.5833,150.8552,84.06,57,100,7.0,overcast clouds
331,Russell,US,32.3502,-85.1999,45.68,43,0,5.75,clear sky
332,Klaksvik,FO,62.2266,-6.589,32.92,65,100,28.66,overcast clouds
333,Harper,LR,4.375,-7.7169,77.0,87,40,1.68,scattered clouds
334,Vardo,NO,70.3705,31.1107,23.9,90,100,18.16,light snow
335,Iracoubo,GF,5.4802,-53.2011,76.15,90,90,8.59,overcast clouds
336,Souillac,MU,-20.5167,57.5167,81.36,89,40,9.22,light rain
337,Visby,SE,57.6409,18.296,36.77,87,100,13.8,overcast clouds
338,Trabzon,TR,40.9167,39.8333,41.09,81,75,5.75,broken clouds
339,Ngerengere,TZ,-6.75,38.1167,73.36,98,100,2.46,light rain
340,Bom Jesus,BR,-9.0744,-44.3586,72.46,94,100,1.28,overcast clouds
341,Pangody,RU,65.85,74.4859,-14.15,99,100,8.95,overcast clouds
342,Maungaturoto,NZ,-36.1,174.3667,70.29,49,61,8.1,broken clouds
343,Udachnyy,RU,66.4167,112.4,-22.83,88,13,1.1,few clouds
344,Sun Prairie,US,43.1836,-89.2137,10.96,63,74,3.13,broken clouds
345,Whitehorse,CA,60.7161,-135.0538,28.02,68,100,10.36,overcast clouds
346,Vrangel,RU,42.7297,133.0839,19.2,42,100,4.05,overcast clouds
347,Sobolevo,RU,54.4299,31.8996,21.13,89,96,11.74,overcast clouds
348,Plouzane,FR,48.3833,-4.6167,46.45,87,75,10.36,broken clouds
349,Baiao,BR,-2.7906,-49.6717,72.64,97,97,2.06,overcast clouds
350,Belle Glade,US,26.6845,-80.6676,70.99,72,42,17.74,scattered clouds
351,Kashi,CN,39.4547,75.9797,30.22,46,20,8.95,few clouds
352,Shu,KZ,43.5983,73.7614,29.17,87,100,3.78,overcast clouds
353,Tigil,RU,57.8,158.6667,7.54,85,100,3.85,overcast clouds
354,Zhigansk,RU,66.7697,123.3711,-37.01,100,41,1.3,scattered clouds
355,Mehamn,NO,71.0357,27.8492,19.99,93,100,6.26,light snow
356,Weatherford,US,32.7593,-97.7972,61.07,29,0,2.26,clear sky
357,Emba,KZ,48.8264,58.1442,15.78,94,100,13.04,overcast clouds
358,Barcelona,ES,41.3888,2.159,56.77,84,75,13.8,broken clouds
359,Mikhaylovka,RU,50.06,43.2379,13.78,93,5,6.17,clear sky
360,Acapetahua,MX,15.2833,-92.7,78.82,66,100,3.96,overcast clouds
361,Nanortalik,GL,60.1432,-45.2371,22.44,93,100,26.8,snow
362,Dali,CN,25.7,100.1833,42.35,53,0,1.36,clear sky
363,Rognan,NO,67.0953,15.3878,32.14,90,100,8.46,snow
364,Kohima,IN,25.6667,94.1167,44.6,59,0,3.15,clear sky
365,Villa Carlos Paz,AR,-31.4241,-64.4978,65.05,77,0,2.55,clear sky
366,Ukiah,US,39.1502,-123.2078,78.69,21,0,5.75,clear sky
367,Saint-Denis,FR,48.9167,2.3333,54.28,72,100,18.41,overcast clouds
368,Khorramshahr,IR,30.4397,48.1664,51.76,71,0,4.61,clear sky
369,Baoqing,CN,46.3317,132.2111,3.72,92,94,2.62,overcast clouds
370,Chapais,CA,49.7834,-74.8492,-18.62,99,99,1.74,overcast clouds
371,Kahului,US,20.8947,-156.47,79.86,76,19,14.0,few clouds
372,Buraydah,SA,26.326,43.975,45.05,31,0,5.3,clear sky
373,Marzuq,YE,14.4,46.4667,54.09,51,46,2.8,scattered clouds
374,Narsaq,GL,60.9167,-46.05,19.49,96,100,6.8,light snow
375,Olinda,BR,-8.0089,-34.8553,83.93,70,40,8.05,scattered clouds
376,San Francisco,US,37.7749,-122.4194,76.98,61,40,10.0,scattered clouds
377,Picota,PE,-6.9197,-76.3304,77.49,86,100,0.94,overcast clouds
378,Sibolga,ID,1.7427,98.7792,77.85,85,68,2.26,broken clouds
379,Vetapalem,IN,15.7833,80.3167,69.85,88,35,8.46,scattered clouds
380,Port Augusta,AU,-32.5,137.7667,96.71,29,100,5.57,overcast clouds
381,Muzhi,RU,65.3667,64.6667,-21.51,100,100,2.93,overcast clouds
382,Peabiru,BR,-23.9128,-52.3431,82.62,77,41,2.19,scattered clouds
383,San Juan Bautista,PE,-14.0108,-75.7358,65.03,58,13,6.42,few clouds
384,Shahjahanpur,IN,27.8833,79.9167,50.14,71,0,2.24,clear sky
385,Urumqi,CN,43.801,87.6005,9.55,85,0,2.24,clear sky
386,Liku,ID,-0.7275,119.8922,77.2,87,100,2.42,overcast clouds
387,Tilichiki,RU,60.4667,166.1,-12.64,90,23,10.33,few clouds
388,Freeport,US,40.6576,-73.5832,30.22,79,100,10.36,light snow
389,Les Cayes,HT,18.2,-73.75,75.63,79,7,2.44,clear sky
390,Cam Ranh,VN,11.9214,109.1591,75.16,88,40,4.61,scattered clouds
391,Gombong,ID,-7.6072,109.5142,81.1,81,88,2.19,overcast clouds
392,Vanimo,PG,-2.6741,141.3028,81.91,81,100,2.01,overcast clouds
393,Ust-Maya,RU,60.4167,134.5333,-19.43,95,96,2.1,overcast clouds
394,Turbat,PK,26.0023,63.044,64.9,38,8,8.81,clear sky
395,Pontianak,ID,-0.0333,109.3333,78.78,88,20,3.44,few clouds
396,Monze,ZM,-16.2833,27.4833,62.71,96,80,0.38,broken clouds
397,Batagay-Alyta,RU,67.8006,130.4114,-11.72,77,91,5.06,overcast clouds
398,Jiexiu,CN,37.0244,111.9125,30.85,30,100,5.39,overcast clouds
399,Ginda,IN,30.6945,78.4932,31.17,31,3,7.36,clear sky
400,Geraldton,AU,-28.7667,114.6,81.01,69,0,4.61,clear sky
401,Donetsk,UA,48.0,37.8,30.4,72,1,0.74,clear sky
402,Changtu,CN,42.7788,124.0955,11.39,69,100,14.27,overcast clouds
403,Plettenberg Bay,ZA,-34.0527,23.3716,67.05,91,100,7.78,light rain
404,Zavetnoye,RU,47.1194,43.8903,29.53,79,4,6.55,clear sky
405,Nouadhibou,MR,20.931,-17.0347,66.18,72,98,19.57,overcast clouds
406,Mabaruma,GY,8.2,-59.7833,71.13,95,96,4.07,overcast clouds
407,Sanchor,IN,24.7553,71.7722,56.43,42,0,3.51,clear sky
408,Djibo,BF,14.1022,-1.6306,70.11,13,0,10.25,clear sky
409,Marshalltown,US,42.0494,-92.908,13.98,78,99,5.5,overcast clouds
410,Kushima,JP,31.4583,131.2333,50.63,86,100,8.03,overcast clouds
411,Vagur,FO,61.4732,-6.8119,36.46,71,100,31.03,overcast clouds
412,Mandalgovi,MN,45.7625,106.2708,-7.02,90,51,7.72,broken clouds
413,Obo,CF,5.3998,26.4869,73.0,23,14,4.03,few clouds
414,Katsuura,JP,35.1333,140.3,45.1,70,98,25.21,overcast clouds
415,Rocha,UY,-34.4833,-54.3333,58.73,62,68,5.82,broken clouds
416,Menongue,AO,-14.6585,17.691,63.36,94,100,2.26,light rain
417,Naziya,RU,59.8,31.3833,36.55,95,100,12.41,light rain
418,Moose Factory,CA,51.2585,-80.6094,-11.2,77,0,2.3,clear sky
419,Paramonga,PE,-10.6667,-77.8333,72.23,78,100,8.68,overcast clouds
420,Yar-Sale,RU,66.8333,70.8333,-19.26,99,100,7.47,overcast clouds
421,Leningradskiy,RU,69.3833,178.4167,-15.61,90,81,5.41,broken clouds
422,Paracuru,BR,-3.41,-39.0306,83.1,84,13,10.29,few clouds
423,Dhidhdhoo,MV,6.8833,73.1,80.56,73,100,3.22,overcast clouds
424,Asha,RU,54.9973,57.2722,5.97,100,98,0.38,overcast clouds
425,Taunsa,PK,30.7048,70.6505,57.99,39,68,7.14,broken clouds
426,Nanakuli,US,21.3906,-158.1547,79.99,54,17,13.94,few clouds
427,Abatskoye,RU,56.2875,70.4555,-17.07,100,100,4.32,overcast clouds
428,Worland,US,44.0169,-107.9554,40.35,73,6,2.35,clear sky
429,Dalvik,IS,65.9702,-18.5286,3.13,71,99,10.69,overcast clouds
430,Nisia Floresta,BR,-6.0911,-35.2086,82.78,75,0,10.09,clear sky
431,Springdale,US,36.1867,-94.1288,39.33,40,0,8.05,clear sky
432,San Pedro,PH,14.35,121.0167,79.11,82,75,6.91,broken clouds
433,Ponta Delgada,PT,37.7333,-25.6667,59.5,62,75,8.05,broken clouds
434,Sal Rei,CV,16.1833,-22.9167,70.36,74,100,19.04,overcast clouds
435,Finschhafen,PG,-6.6024,147.8681,83.25,74,94,7.83,heavy intensity rain
436,Eskisehir,TR,39.7767,30.5206,34.57,88,99,6.11,overcast clouds
437,Placido De Castro,BR,-10.3353,-67.1856,72.95,99,97,0.81,overcast clouds
438,Mohelnice,CZ,49.777,16.9195,35.6,73,7,5.93,clear sky
439,Yaan,NG,7.3833,8.5667,80.02,13,96,3.27,overcast clouds
440,Selfoss,IS,63.9331,-20.9971,30.09,92,100,8.86,heavy snow
441,Horta,PT,38.5333,-28.6333,57.24,70,100,4.36,overcast clouds
442,Rach Gia,VN,10.0167,105.0833,78.75,77,52,15.35,broken clouds
443,Manaquiri,BR,-3.3167,-60.35,79.29,95,100,2.77,overcast clouds
444,Padang,ID,-0.9492,100.3543,75.25,69,71,3.42,broken clouds
445,Bilibino,RU,68.0546,166.4372,-23.69,98,89,1.25,overcast clouds
446,Airai,TL,-8.9266,125.4092,70.0,66,23,2.28,few clouds
447,Mpika,ZM,-11.8343,31.4529,61.68,98,100,2.57,light rain
448,Lisala,CD,2.15,21.5167,71.35,39,100,1.99,overcast clouds
449,Rafaela,AR,-31.2503,-61.4867,64.99,55,0,6.62,clear sky
450,Debre Tabor,ET,11.85,38.0167,53.76,55,4,4.54,clear sky
451,Panzhihua,CN,26.5851,101.7128,47.93,55,0,1.39,clear sky
452,Sumenep,ID,-7.0167,113.8667,79.48,82,96,3.58,heavy intensity rain
453,Mnogovershinnyy,RU,53.9353,139.9242,-0.83,78,13,4.34,few clouds
454,Coquimbo,CL,-29.9533,-71.3436,65.57,76,0,5.91,clear sky
455,Penjamo,MX,20.4333,-101.7333,60.21,46,99,3.22,overcast clouds
456,Laurens,US,32.4502,-82.9165,50.38,27,0,11.5,clear sky
457,High Level,CA,58.5169,-117.136,3.31,72,75,4.61,broken clouds
458,Asau,RO,46.4333,26.4,28.96,80,97,4.0,overcast clouds
459,Havoysund,NO,70.9963,24.6622,16.68,91,100,7.72,light snow
460,Murindo,CO,6.9848,-76.7544,74.28,97,100,2.21,heavy intensity rain
461,Mingshui,CN,36.7167,117.5,28.9,73,100,9.78,overcast clouds
462,Staryy Nadym,RU,65.6118,72.6842,-18.4,100,91,8.28,overcast clouds
463,Kenai,US,60.5544,-151.2583,35.02,92,100,12.66,mist
464,Grand Gaube,MU,-20.0064,57.6608,81.37,79,100,3.0,overcast clouds
465,Chernyshevskiy,RU,63.0128,112.4714,-23.78,100,99,1.59,overcast clouds
466,Lac Du Bonnet,CA,50.2536,-96.0612,-2.27,96,100,4.59,overcast clouds
467,Cortes,ES,41.9395,-1.4396,53.65,66,100,5.5,overcast clouds
468,Aykino,RU,62.2248,49.9922,-2.45,100,100,2.86,overcast clouds
469,Juba,SS,4.8517,31.5825,79.25,36,100,3.96,overcast clouds
470,Basoko,CD,1.2391,23.616,72.7,62,100,2.68,overcast clouds
471,Zabid,YE,14.1951,43.3152,74.57,79,12,3.78,few clouds
472,Aykhal,RU,66.0,111.5,-8.54,52,62,1.81,broken clouds
473,Krylovskaya,RU,46.3194,39.9711,32.41,66,0,6.69,clear sky
474,Thunder Bay,CA,48.4001,-89.3168,2.55,68,75,1.14,broken clouds
475,Buenos Aires,AR,-34.6132,-58.3772,74.97,42,0,3.44,clear sky
476,San Lorenzo,PY,-25.3333,-57.5333,81.59,48,0,8.05,clear sky
477,Gambela,ET,8.25,34.5833,80.53,41,51,3.31,broken clouds
478,Antalaha,MG,-14.9003,50.2788,72.57,91,47,5.21,scattered clouds
479,Quatre Cocos,MU,-20.2078,57.7625,81.09,88,99,13.89,light rain
480,Tambacounda,SN,13.7539,-13.7586,75.25,22,0,6.91,clear sky
481,Kungurtug,RU,50.5994,97.5228,-25.67,97,46,1.63,scattered clouds
482,Hun,LY,29.1268,15.9477,50.77,47,0,8.9,clear sky
483,Tiarei,PF,-17.5333,-149.3333,86.02,77,97,16.69,light rain
484,Puerto Del Rosario,ES,28.5004,-13.8627,62.35,77,6,9.22,clear sky
485,Morondava,MG,-20.2833,44.2833,78.46,89,23,5.82,few clouds
486,Sakaiminato,JP,35.55,133.2333,46.38,61,75,20.71,broken clouds
487,Ormara,PK,25.2088,64.6357,69.76,72,12,3.31,few clouds
488,Cervo,ES,43.6702,-7.4101,50.97,77,62,20.8,broken clouds
489,Kijang,KR,35.2442,129.2139,46.13,70,19,6.98,few clouds
490,Wonthaggi,AU,-38.6044,145.5913,92.05,57,5,6.87,clear sky
491,Cockburn Town,TC,21.4612,-71.1419,76.96,73,20,11.5,few clouds
492,Japura,ID,-0.3167,102.35,77.5,87,54,0.69,broken clouds
493,Tubbergen,NL,52.4,6.7667,49.91,62,100,21.92,overcast clouds
494,Husavik,IS,66.0449,-17.3389,3.11,76,90,17.02,overcast clouds
495,Nuevo Progreso,MX,23.1667,-97.95,53.89,42,100,1.01,overcast clouds
496,Kurilsk,RU,45.2333,147.8833,27.88,70,99,11.1,light snow
497,Shenzhen,CN,22.5455,114.0683,59.22,86,43,7.65,scattered clouds
498,Vada,NL,51.97,5.6667,52.84,72,100,12.66,overcast clouds
499,Gavle,SE,60.6745,17.1417,41.5,89,100,5.99,overcast clouds
500,Aktash,RU,50.3,87.7333,-10.88,91,100,4.43,overcast clouds
501,Asosa,ET,10.0667,34.5333,66.33,25,21,6.53,few clouds
502,Meulaboh,ID,4.1363,96.1285,77.23,86,96,4.12,overcast clouds
503,Monrovia,LR,6.3005,-10.7969,78.64,87,5,6.96,clear sky
504,Porto Nacional,BR,-10.7081,-48.4172,75.2,93,89,0.92,moderate rain
505,Muros,ES,42.7762,-9.0603,53.24,93,8,18.07,light rain
506,Okha,RU,53.5739,142.9478,-4.77,92,19,12.19,few clouds
507,Irbeyskoye,RU,55.6428,95.4522,-27.2,100,97,1.34,overcast clouds
508,Linhares,BR,-19.3911,-40.0722,72.88,97,9,1.81,clear sky
509,Ilebo,CD,-4.3167,20.5833,69.4,98,100,0.96,overcast clouds
510,Vieques,PR,18.425,-65.8329,75.85,94,40,9.22,scattered clouds
511,Petropavlovsk-Kamchatskiy,RU,53.0452,158.6483,21.79,50,75,17.9,light snow
512,Taltal,CL,-25.4,-70.4833,68.56,76,4,3.89,clear sky
513,Fairbanks,US,64.8378,-147.7164,11.61,79,100,6.91,light snow
514,Altay,CN,47.8667,88.1167,10.04,76,100,4.03,overcast clouds
515,Baykit,RU,61.67,96.37,-21.6,100,56,3.6,broken clouds
516,Elizabeth City,US,36.2946,-76.2511,39.22,82,100,11.86,overcast clouds
517,Kiama,AU,-34.6833,150.8667,84.25,53,99,5.99,overcast clouds
518,Srednekolymsk,RU,67.45,153.6833,-24.38,95,19,5.93,few clouds
519,Bosaso,SO,11.2842,49.1816,71.6,77,41,2.17,scattered clouds
520,Kayankulam,IN,9.1833,76.5,72.43,83,6,6.44,clear sky
521,Tres Arroyos,AR,-38.3739,-60.2798,63.19,45,0,8.34,clear sky
522,Marsabit,KE,2.3284,37.9899,68.2,48,100,5.82,overcast clouds
523,Krasnooktyabrskiy,RU,44.9328,38.3712,36.79,77,99,9.04,overcast clouds
524,Yarada,IN,17.65,83.2667,64.72,88,20,2.3,mist
525,Birjand,IR,32.8663,59.2211,34.27,64,0,4.61,clear sky
526,Ejea De Los Caballeros,ES,42.1263,-1.1372,52.79,80,100,5.26,overcast clouds
527,Neiafu,TO,-18.65,-173.9833,84.88,74,40,11.5,scattered clouds
528,Markkleeberg,DE,51.2833,12.4,41.99,61,0,15.01,clear sky
529,Kirensk,RU,57.7853,108.1119,-31.23,100,80,0.67,broken clouds
530,Krasnoarmeysk,RU,51.0239,45.6969,18.16,94,31,10.22,scattered clouds
531,Anahuac,MX,27.2333,-100.15,57.76,26,100,9.26,overcast clouds
532,Gyongyostarjan,HU,47.8137,19.8672,36.88,79,15,4.36,few clouds
533,Severo-Kurilsk,RU,50.6789,156.125,26.35,66,45,15.21,scattered clouds
534,Praia,CV,14.9215,-23.5087,72.14,78,0,16.11,clear sky
535,Parrita,CR,9.5201,-84.3225,83.97,74,79,0.85,broken clouds
536,Oelde,DE,51.8167,8.15,49.86,52,100,17.07,overcast clouds
537,Shimoda,JP,34.6667,138.95,41.36,71,100,19.28,overcast clouds
538,Uyuni,BO,-20.4597,-66.825,56.25,55,22,10.02,few clouds
539,Maloy,NO,61.9353,5.1136,38.93,96,100,1.99,overcast clouds
540,Oranjestad,AW,12.524,-70.027,78.75,78,20,16.11,few clouds
541,Senneterre,CA,48.3835,-77.2328,-16.38,94,18,0.89,few clouds
542,Belem De Sao Francisco,BR,-8.7539,-38.9658,77.05,71,86,5.37,overcast clouds
543,Ostuni,IT,40.7276,17.5764,46.58,76,44,4.5,scattered clouds
544,Pindwara,IN,24.8,73.0667,57.15,31,0,3.22,clear sky
545,Belaya Gora,RU,68.5333,146.4167,-16.01,91,100,4.61,overcast clouds
546,Vila Velha,BR,-20.3297,-40.2925,75.15,97,100,3.44,overcast clouds
547,Mangaratiba,BR,-22.9597,-44.0406,78.03,88,20,1.48,few clouds
548,Kangaatsiaq,GL,68.3065,-53.4641,-11.47,93,96,21.12,overcast clouds
549,Bonavista,CA,48.6499,-53.1147,30.11,76,100,13.42,overcast clouds
550,Belmonte,BR,-15.8631,-38.8828,79.3,88,88,6.35,overcast clouds
551,Impfondo,CG,1.6381,18.0667,71.51,50,30,4.05,scattered clouds
552,Alakurtti,RU,66.9672,30.3491,18.63,96,100,2.89,light snow
553,Sumbe,AO,-11.2061,13.8437,75.29,84,100,3.11,overcast clouds
554,Guerrero Negro,MX,27.9769,-114.0611,71.98,32,6,11.07,clear sky
555,Sidi Ali,DZ,36.0998,0.4206,48.07,81,1,5.21,clear sky
556,Kawalu,ID,-7.3817,108.2082,77.32,84,95,1.57,overcast clouds
557,Tecoanapa,MX,16.5167,-98.75,80.38,67,99,6.06,overcast clouds
558,Chhatapur,IN,26.2167,87.0167,54.45,72,0,4.59,clear sky
559,Pyapon,MM,16.2833,95.6833,65.55,39,43,6.49,scattered clouds
560,Foeni,RO,47.7,22.3833,31.75,76,69,5.19,broken clouds
561,Rawlins,US,41.7911,-107.2387,37.62,57,0,16.17,clear sky
562,Dingle,PH,10.9995,122.6711,81.41,75,100,9.17,overcast clouds
563,Bowen,AU,-20.0167,148.2333,83.44,63,11,21.68,few clouds
564,Grand-Santi,GF,4.25,-54.3833,72.25,99,34,2.53,moderate rain
565,Tual,ID,-5.6667,132.75,80.13,79,73,7.56,broken clouds
566,Bandarbeyla,SO,9.4942,50.8122,73.54,73,100,12.08,overcast clouds
567,Ostrovnoy,RU,68.0531,39.5131,21.88,62,100,26.98,overcast clouds
568,Abyek,IR,36.0667,50.55,32.0,70,19,1.41,few clouds
569,Fortuna,US,40.5982,-124.1573,66.47,94,100,10.36,overcast clouds
570,Scarborough,GB,54.2797,-0.4044,45.66,88,100,4.0,overcast clouds
571,Zaysan,KZ,47.4667,84.8667,8.02,96,100,0.98,overcast clouds
572,Mandurah,AU,-32.55,115.7,85.14,57,0,9.91,clear sky
573,Tanete,ID,-3.9443,119.7848,78.82,84,88,2.21,overcast clouds
574,Mayumba,GA,-3.432,10.6554,77.58,89,100,3.96,overcast clouds
575,Guarapuava,BR,-25.3953,-51.4581,64.78,79,54,0.94,broken clouds
576,Libertador General San Martin,AR,-23.8064,-64.7876,68.97,80,87,2.28,overcast clouds
577,Itarema,BR,-2.9248,-39.9167,79.61,80,28,13.33,scattered clouds
578,Acarau,BR,-2.8856,-40.12,79.68,81,53,14.16,broken clouds
579,Kisesa,TZ,-3.0833,34.15,63.03,86,92,6.24,overcast clouds
580,Arlit,NE,18.7369,7.3853,65.59,13,0,4.14,clear sky
581,Jizan,SA,17.3333,42.6667,76.62,79,14,4.61,few clouds
582,Oneonta,US,42.4529,-75.0638,18.82,73,100,9.98,overcast clouds
583,Sena Madureira,BR,-9.0656,-68.6569,73.45,97,100,2.46,overcast clouds
584,Brae,GB,60.3964,-1.353,40.91,85,100,18.21,overcast clouds
585,Tamworth,GB,52.634,-1.6959,45.82,91,100,4.0,overcast clouds
586,Alugan,PH,12.2188,125.4808,80.87,72,100,12.39,overcast clouds
587,Epiniana,GR,39.1429,21.6134,35.51,90,38,0.83,scattered clouds
588,Awjilah,LY,29.1081,21.2869,52.93,58,0,6.06,clear sky
589,Shitanjing,CN,39.2342,106.3439,14.7,61,100,3.6,overcast clouds
590,Bulgan,MN,48.8125,103.5347,-15.97,98,88,2.13,overcast clouds
591,Wellington,NZ,-41.2866,174.7756,68.77,80,75,21.85,light rain
592,Tucupita,VE,9.0622,-62.051,76.53,70,100,5.66,overcast clouds
593,Pombia,IT,45.653,8.6336,38.98,65,94,3.36,overcast clouds
594,Yulara,AU,-25.2406,130.9889,90.12,11,0,11.97,clear sky
595,Grand Forks,US,47.9417,-97.4337,3.78,92,100,16.11,light snow
596,Kanigoro,ID,-8.13,112.219,75.22,91,100,2.86,light rain
597,Oistins,BB,13.0667,-59.5333,77.16,72,6,18.97,clear sky
598,Borogontsy,RU,62.6683,131.1683,-29.67,96,56,1.57,broken clouds
599,Kalabo,ZM,-14.97,22.6814,65.75,90,22,0.76,few clouds
600,Srivardhan,IN,18.0333,73.0167,69.3,66,87,7.61,overcast clouds
601,Igarka,RU,67.4667,86.5833,-13.23,92,35,6.69,scattered clouds
602,La Rioja,ES,42.25,-2.5,42.04,79,58,6.78,broken clouds
603,Berlevag,NO,70.8578,29.0864,21.06,90,100,7.92,light snow
604,Zhezkazgan,KZ,47.8043,67.7144,28.78,97,100,17.49,light snow
605,Assomada,CV,15.1,-23.6833,67.55,75,73,12.55,broken clouds
606,Murray Bridge,AU,-35.1167,139.2667,90.46,42,2,8.28,clear sky
607,Bargur,IN,12.5424,78.3539,63.09,92,24,1.59,few clouds
608,Novovelichkovskaya,RU,45.2778,38.8436,32.14,73,38,10.4,scattered clouds
609,Sechura,PE,-5.5569,-80.8222,75.42,70,98,12.8,overcast clouds
610,Awbari,LY,26.5921,12.7805,51.69,29,0,10.16,clear sky
611,Linqiong,CN,30.4159,103.4609,48.02,81,100,1.99,overcast clouds
612,Nyimba,ZM,-14.5566,30.8149,66.11,97,100,1.77,overcast clouds
613,Juneau,US,58.3019,-134.4197,36.84,97,100,4.32,overcast clouds
614,Asilah,MA,35.465,-6.0348,55.36,81,98,5.26,overcast clouds
615,Mackay,AU,-21.15,149.2,84.69,72,38,21.45,scattered clouds
616,Inhambane,MZ,-23.865,35.3833,75.61,83,0,7.47,clear sky
617,San Gavino Monreale,IT,39.5514,8.7917,45.48,92,71,3.83,broken clouds
618,Tamandare,BR,-8.7597,-35.1047,80.29,75,36,10.78,scattered clouds
619,Henties Bay,NA,-22.116,14.2845,72.86,85,51,2.71,broken clouds
620,Ust-Karsk,RU,52.7011,118.8077,-10.52,95,100,0.85,overcast clouds
621,Serrana,BR,-21.2114,-47.5956,68.97,95,6,2.59,clear sky
622,Taksimo,RU,56.3444,114.8794,-21.86,90,22,0.65,few clouds
623,Hamilton,US,39.1834,-84.5333,22.71,78,100,13.8,overcast clouds
624,Riyadh,SA,24.6877,46.7219,50.14,33,0,8.7,clear sky
625,Livingstone,ZM,-17.8419,25.8543,65.55,85,0,1.45,clear sky
626,Miri,MY,4.4148,114.0089,78.48,89,64,3.98,broken clouds
627,Santa Cruz,BO,-17.8,-63.1667,71.55,69,79,3.44,broken clouds
628,Bacong,PH,9.2464,123.2956,80.64,82,100,10.16,overcast clouds
629,Ondjiva,AO,-17.0667,15.7333,68.81,85,100,5.28,light rain
630,Severo-Yeniseyskiy,RU,60.3725,93.0408,-23.03,99,35,4.29,scattered clouds
631,Tautira,PF,-17.7333,-149.15,86.02,77,62,17.85,light rain
632,Myitkyina,MM,25.3833,97.4,52.75,69,0,2.42,clear sky
633,Bubaque,GW,11.2833,-15.8333,77.94,64,0,6.64,clear sky
634,Huangcun,CN,30.0145,118.4037,43.95,75,79,2.3,broken clouds
635,Tukan,RU,53.8409,57.4552,2.37,100,100,1.45,overcast clouds
636,Alyangula,AU,-13.8483,136.4192,86.74,61,7,15.66,light rain
637,Charlestown,AU,-32.95,151.6667,82.02,59,58,7.0,broken clouds
638,Benguela,AO,-12.5763,13.4055,75.04,80,75,2.75,broken clouds
639,Lewiston,US,44.1003,-70.2148,23.76,51,100,10.36,overcast clouds
640,Marsh Harbour,BS,26.5412,-77.0636,73.6,87,100,16.37,overcast clouds
641,Severodvinsk,RU,64.5635,39.8302,15.91,91,100,14.03,overcast clouds
642,Laguna De Duero,ES,41.5815,-4.7233,45.99,82,0,11.5,clear sky
643,Pacific Grove,US,36.6177,-121.9166,79.2,79,12,8.01,few clouds
644,Bira,RU,49.0,132.4667,13.35,91,100,2.51,light snow
645,Paamiut,GL,61.994,-49.6678,11.43,87,100,18.14,overcast clouds
646,Mathathane,BW,-22.2687,28.7495,71.42,52,76,5.21,broken clouds
647,Mandera,KE,3.9366,41.867,78.64,32,100,8.95,overcast clouds
648,Isangel,VU,-19.55,169.2667,85.5,70,26,10.45,scattered clouds
649,Avera,US,33.194,-82.5271,48.7,33,0,15.7,clear sky
650,College,US,64.8569,-147.8028,14.2,77,75,6.91,light snow
651,Freetown,SL,8.484,-13.2299,77.25,84,7,5.82,clear sky
652,Cape Coast,GH,5.1053,-1.2466,79.23,85,63,9.19,broken clouds
653,Okhotsk,RU,59.3833,143.3,-7.4,76,0,14.05,clear sky
654,Lerwick,GB,60.1545,-1.1494,39.2,88,100,10.16,overcast clouds
655,Maryborough,AU,-25.5333,152.7,77.61,74,33,11.52,scattered clouds
656,Kuytun,RU,54.3419,101.5036,-28.25,100,100,3.18,overcast clouds
657,Gari,RU,59.4307,62.3497,-6.43,100,93,3.27,overcast clouds
658,Perth,AU,-31.9333,115.8333,85.01,52,0,16.11,clear sky
659,Beringovskiy,RU,63.05,179.3167,-20.47,94,20,9.48,few clouds
660,Yeppoon,AU,-23.1333,150.7333,85.78,74,71,20.58,broken clouds
661,Montrose,US,38.4166,-108.2673,38.61,57,0,1.14,clear sky
662,Concordia,AR,-31.393,-58.0209,66.78,62,0,5.99,clear sky
663,Aripuana,BR,-9.1667,-60.6333,72.36,99,80,0.76,broken clouds
664,Patan,NP,27.6667,85.3333,43.18,93,20,3.44,mist
665,Torit,SS,4.4133,32.5678,80.46,37,100,3.11,overcast clouds
666,Nhulunbuy,AU,-12.2333,136.7667,88.41,62,75,14.97,broken clouds
667,Mende,FR,44.6667,3.5,37.81,90,100,12.59,overcast clouds
668,Wakema,MM,16.6,95.1833,63.72,43,31,6.17,scattered clouds
669,Tolbazy,RU,54.0241,55.8825,11.16,99,90,3.04,light snow
670,Port Hedland,AU,-20.3167,118.5667,91.45,52,34,18.41,scattered clouds
671,Bani Walid,LY,31.7566,13.9942,51.1,70,6,6.71,clear sky
672,Hasaki,JP,35.7333,140.8333,39.6,60,100,29.75,overcast clouds
673,Cartagena,CO,10.3997,-75.5144,80.22,83,20,9.22,few clouds
674,Martapura,ID,-3.4167,114.85,80.69,83,0,3.44,clear sky
675,Bereda,ES,43.2686,-7.5406,46.92,98,100,7.81,overcast clouds
676,Auki,SB,-8.7676,160.7034,77.34,92,100,3.49,light rain
677,Rolla,US,37.9514,-91.7713,26.85,47,0,7.0,clear sky
678,Anloga,GH,5.7947,0.8973,81.09,81,100,12.93,overcast clouds
679,Saurimo,AO,-9.6608,20.3916,64.44,97,100,1.97,overcast clouds
680,Roald,NO,62.5833,6.1333,37.11,93,100,23.02,overcast clouds
681,Moengo,SR,5.6167,-54.4,72.75,98,23,1.99,few clouds
682,Solano,US,38.2333,-121.9511,74.44,49,0,0.0,clear sky
683,Wewak,PG,-3.5534,143.6268,82.51,76,98,3.11,overcast clouds
684,Tromso,NO,69.6496,18.957,24.82,80,75,12.66,broken clouds
685,Puerto Escondido,MX,15.85,-97.0667,81.43,74,40,0.0,scattered clouds
686,Yatou,CN,37.15,122.3833,32.43,79,100,18.84,overcast clouds
687,La Ronge,CA,55.1001,-105.2842,14.22,79,100,8.05,overcast clouds
688,Manokwari,ID,-0.8667,134.0833,82.06,68,100,4.36,overcast clouds
689,Kirgiz-Miyaki,RU,53.6324,54.7979,3.56,100,89,3.04,overcast clouds
690,Siddapur,IN,14.3333,74.8833,62.53,72,1,3.36,clear sky
691,Lasa,IT,46.6166,10.7002,26.02,69,3,1.7,clear sky
692,Inuvik,CA,68.3499,-133.7218,-18.89,98,100,7.09,light snow
693,Solnechnyy,RU,50.7214,136.6319,12.18,87,100,5.73,overcast clouds
694,Ambunti,PG,-4.2365,142.8448,75.65,95,100,2.08,overcast clouds
695,Vievis,LT,54.7667,24.8,31.3,77,100,12.86,overcast clouds
696,Colares,PT,38.7992,-9.4469,54.34,73,0,20.0,clear sky
697,Lumeje,AO,-11.55,20.7833,63.55,94,100,4.25,overcast clouds
698,Barmer,IN,25.75,71.3833,58.57,47,0,3.27,clear sky
699,Bang Saphan,TH,11.2126,99.5117,77.47,88,99,0.72,overcast clouds
700,Olonets,RU,60.9847,32.9698,30.34,97,100,14.61,snow
701,Mlonggo,ID,-6.5333,110.7,76.89,82,70,2.13,broken clouds
702,Dharampuri,IN,22.1667,75.35,63.81,36,3,5.75,clear sky
703,Great Falls,US,47.5002,-111.3008,43.99,52,0,12.66,clear sky
704,Sinnamary,GF,5.3833,-52.95,76.37,90,100,8.86,overcast clouds
705,Nome,US,64.5011,-165.4064,-13.49,92,5,2.66,clear sky
706,Kakching,IN,24.4833,93.9833,45.66,63,0,0.31,clear sky
707,Luwuk,ID,-0.9516,122.7875,81.75,74,87,0.34,overcast clouds
708,Chegdomyn,RU,51.1167,133.0167,7.03,86,89,1.5,overcast clouds
709,Keuruu,FI,62.2667,24.7,34.95,99,100,10.69,overcast clouds
710,Kingaroy,AU,-26.5333,151.8333,78.44,51,36,13.82,scattered clouds
711,Kargasok,RU,59.0556,80.8572,5.34,94,100,12.77,overcast clouds
712,Sangueya,GN,10.7,-14.3667,70.21,89,5,2.21,clear sky
713,Rubtsovsk,RU,51.5,81.25,22.08,94,100,16.82,light snow
714,Ruwi,OM,23.5996,58.5507,67.69,65,73,14.97,broken clouds
715,Meshchovsk,RU,54.3244,35.2808,21.0,87,66,12.71,broken clouds
716,Gat,IL,31.61,34.7642,51.82,100,99,6.78,overcast clouds
717,Lysyanka,UA,49.2523,30.8295,29.19,76,0,8.61,clear sky
718,Massakory,TD,12.996,15.7293,72.32,13,53,10.02,broken clouds
719,North Platte,US,41.1239,-100.7654,51.26,30,0,8.99,clear sky
720,Brokopondo,SR,4.75,-55.1667,75.36,91,36,7.92,scattered clouds
721,Terrak,NO,65.087,12.3715,28.27,83,93,3.6,overcast clouds
722,Alice Springs,AU,-23.7,133.8833,87.35,27,0,8.05,clear sky
723,Cururupu,BR,-1.8283,-44.8683,74.3,96,98,3.18,light rain
724,Izumo,JP,35.3667,132.7667,45.68,65,22,15.17,few clouds
725,Omsukchan,RU,62.5333,155.8,-17.01,96,50,4.79,scattered clouds
726,Doha,QA,25.2867,51.5333,62.58,63,0,10.36,clear sky
